STAAR	Staphylococcus aureus subsp. aureus mrsa252
POPTR	Populus trichocarpa
ANAPZ	Anaplasma phagocytophilum hz
YERPZ	Yersinia pestis z176003
CYAP2	Cyanothece sp. pcc 7822
THEGJ	Thermococcus gammatolerans ej3
AZOPC	Candidatus azobacteroides pseudotrichonymphae genomovar. cfp2
LACRJ	Lactobacillus reuteri jcm 1112
CHPNE1	Chlamydophila pneumoniae cwl029
SHEB9	Shewanella baltica os195
MYCHH	Mycoplasma hyorhinis hub-1
ASPNC	Aspergillus niger cbs 513.88
TUPGB	Tupaia belangeri
ECOSE	Escherichia coli se11
PECWW	Pectobacterium wasabiae wpp163
ECOS5	Escherichia coli se15
THEAM	Thermosphaera aggregans dsm 11486
LEPBL	Leptospira borgpetersenii serovar hardjo-bovis l550
STRSY	Streptococcus suis 05zyh33
BORAP	Borrelia afzelii pko
MEMAR1	Methanococcus maripaludis s2
AQAEO1	Aquifex aeolicus vf5
SULIY	Sulfolobus islandicus y.g.57.14
CHLTA	Chlamydia trachomatis a/har-13
STRP4	Streptococcus pneumoniae g54
METSB	Methylocella silvestris bl2
MYCSJ	Mycobacterium sp. jls
SALHS	Salmonella enterica subsp. enterica serovar heidelberg str. sl476
AGRRK	Agrobacterium radiobacter k84
STRPC	Streptococcus pyogenes mgas9429
NATTJ	Natranaerobius thermophilus jw/nm-wn-lf
RHPAL2	Rhodopseudomonas palustris dx-1
MYPUL1	Mycoplasma pulmonis uab ctip
CULQU	Culex quinquefasciatus
PLAVI	Plasmodium vivax
PSEMY	Pseudomonas mendocina ymp
CHLTZ	Chlamydia trachomatis b/tz1a828/ot
BACWK	Bacillus weihenstephanensis kbab4
MYCS5	Mycoplasma synoviae 53
ARCB4	Arcobacter butzleri rm4018
LEPBD	Leptotrichia buccalis c-1013-bZ23:-- STR. 
RSK2980	Salmonella enterica subsp. arizonae serovar 62:z4
ANAPD	Anaerococcus prevotii dsm 20548
RHOSR	Rhodococcus jostii rha1
THBRO1	Thermoanaerobacter brockii subsp. finnii ako-1
ACISJ	Acidovorax sp. js42
SEGRD	Segniliparus rotundus dsm 44985
THEVO	Thermoplasma volcanium gss1
NEMEN2	Neisseria meningitidis z2491
SORC5	Sorangium cellulosum 'so ce 56'
RICCK	Rickettsia canadensis str. mckiel
ORITB	Orientia tsutsugamushi str. boryong
ACCPU	Candidatus accumulibacter phosphatis clade iia str. uw-1
MYHAE1	Mycoplasma haemofelis str. langford 1
BIFLB	Bifidobacterium animalis subsp. lactis bl-04
SAROS1	Proterospongia rosetta
PSEE4	Pseudomonas entomophila l48
SPETR	Ictidomys tridecemlineatus
SYNS9	Synechococcus sp. cc9902
PLABA	Plasmodium berghei anka
PSEU5	Pseudomonas stutzeri a1501
GEOLS	Geobacter lovleyi sz
CLOSD	Clostridium sticklandii dsm 519
ARCNC	Arcobacter nitrofigilis dsm 7299
SYNE7	Synechococcus elongatus pcc 7942
BIFLJ	Bifidobacterium longum subsp. longum jdm301
HYDTT	Hydrogenobacter thermophilus tk-6
CLOTH	Clostridium thermocellum atcc 27405
SULS9	Sulfolobus solfataricus 98/2
MYCHJ	Mycoplasma hyopneumoniae j
LACRG	Lactobacillus rhamnosus gg
ANADE	Anaeromyxobacter dehalogenans 2cp-c
CORAD	Coraliomargarita akajimensis dsm 45221
STRTD	Streptococcus thermophilus lmd-9
HELPY	Helicobacter pylori
SULNB	Sulfurovum sp. nbc37-1
BRMEL1	Brucella melitensis bv. 1 str. 16m
ANAD2	Anaeromyxobacter dehalogenans 2cp-1
YEPES2	Yersinia pestis kim10+
ARTAT	Arthrobacter aurescens tc1
RHOE4	Rhodococcus erythropolis pr4
SALPC	Salmonella enterica subsp. enterica serovar paratyphi c strain rks4594
RHPAL1	Rhodopseudomonas palustris cga009
SULMW	Candidatus sulcia muelleri gwss
STPSE1	Staphylococcus pseudintermedius hku10-03
BIFAV	Bifidobacterium animalis subsp. lactis v9
BUMAL1	Burkholderia mallei atcc 23344
MYCTF	Mycobacterium tuberculosis f11
DEHSG	Dehalococcoides sp. gt
LACH4	Lactobacillus helveticus dpc 4571
MACEUGS	Macropus eugenii
KORCO	Candidatus korarchaeum cryptofilum opf8
PYABY1	Pyrococcus abyssi ge5
ERWAC	Erwinia amylovora cfbp1430
PSEFS	Pseudomonas fluorescens sbw25
BACCN	Bacillus cytotoxicus nvh 391-98
TSUPD	Tsukamurella paurometabola dsm 20162
MYCTA	Mycobacterium tuberculosis h37ra
CLOB2	Clostridium botulinum f str. 230613
STRPS	Streptococcus pneumoniae cgsp14
DIDIS1	Dictyostelium discoideum ax4
ACTP7	Actinobacillus pleuropneumoniae serovar 7 str. ap76
LAMPA	Vicugna pacos
SHEB8	Shewanella baltica os185
COXBS	Coxiella burnetii rsa 493
STAAW	Staphylococcus aureus subsp. aureus mw2
THEEB	Thermosynechococcus elongatus bp-1
STRZA	Streptococcus pneumoniae ap200
SAENT1	Salmonella enterica subsp. enterica serovar typhimurium str. lt2
PHATR	Phaeodactylum tricornutum
STAND	Starkeya novella dsm 506
MYCVP	Mycobacterium vanbaalenii pyr-1
THEON	Thermococcus onnurineus na1
GARV3	Gardnerella vaginalis atcc 14019
ACHLI	Acholeplasma laidlawii pg-8a
LACRD	Lactobacillus reuteri dsm 20016
WOLPM	Wolbachia endosymbiont of drosophila melanogaster
PROA2	Prosthecochloris aestuarii dsm 271
SULSY	Sulfurihydrogenibium sp. yo3aop1
SYNFM	Syntrophobacter fumaroxidans mpob
CLOBH	Clostridium botulinum a str. hall
LACCS	Lactobacillus crispatus st1
LACCB	Lactobacillus casei bl23
STAAK	Staphylococcus aureus subsp. aureus str. jkd6008
KETVY	Ketogulonicigenium vulgare y25
HELP5	Helicobacter pylori 52
HELP1	Helicobacter pylori 51
STRBB	Streptomyces bingchenggensis bcw-1
SHEPW	Shewanella piezotolerans wp3
PONPY	Pongo pygmaeus
BACAN2	Bacillus anthracis str. sterne
ALIAD	Alicyclobacillus acidocaldarius subsp. acidocaldarius dsm 446
DESAH	Desulfobacterium autotrophicum hrm2
GEOUR	Geobacter uraniireducens rf4
VIBHB	Vibrio harveyi atcc baa-1116
MYOLU	Myotis lucifugus
BAFRA1	Bacteroides fragilis ych46
ORYSI	Oryza sativa indica group
CONWI	Conexibacter woesei dsm 14684
BACMQ	Bacillus megaterium qm b1551
RAHNE1	Rahnella sp. y9602
NATPD	Natronomonas pharaonis dsm 2160
CACRE1	Caulobacter crescentus cb15
THASP	Thauera sp. mz1t
MYCCT	Mycoplasma capricolum subsp. capricolum atcc 27343
PANTO1	Pantoea sp. at-9b
THKOD1	Thermococcus kodakarensis kod1
NEIL0	Neisseria lactamica 020-06
RHOOB	Rhodococcus opacus b4
HAINF3	Haemophilus influenzae f3047
SHEDO	Shewanella denitrificans os217
VEREI	Verminephrobacter eiseniae ef01-2
ROSCS	Roseiflexus castenholzii dsm 13941
ELUMP	Elusimicrobium minutum pei191
LACSC	Plasmid phn1
METEP	Methylobacterium extorquens pa1
ACIC5	Acidobacterium capsulatum atcc 51196
RALP1	Ralstonia pickettii 12d
CLOB8	Clostridium beijerinckii ncimb 8052
RALPJ	Ralstonia pickettii 12j
MITES1	Microbacterium testaceum stlb037
EGGLE	Eggerthella lenta dsm 2243
VESOH	Candidatus vesicomyosocius okutanii ha
SHIB3	Shigella boydii cdc 3083-94
LACPJ	Lactobacillus plantarum jdm1
HELPG	Helicobacter pylori g27
SHESA	Shewanella sp. ana-3
AILMEGL	Ailuropoda melanoleuca
FRAT1	Francisella tularensis subsp. tularensis fsc198
METHJ	Methanospirillum hungatei jf-1
HELPB	Helicobacter pylori b38
SYNSC	Synechococcus sp. cc9605
ENCUN1	Encephalitozoon cuniculi gb-m1
ACIB4	Aciduliprofundum boonei t469
THET1	Thermobaculum terrenum atcc baa-798
RASOL1	Ralstonia solanacearum gmi1000
METRM	Methanobrevibacter ruminantium m1
CANIT1	Candidatus nitrospira defluvii
VIBSE	Vibrio sp. ex25
CAMJJ	Campylobacter jejuni subsp. jejuni 81-176
SCHMA	Schistosoma mansoni
XANP2	Xanthobacter autotrophicus py2
OENOB	Oenococcus oeni psu-1
CANFA	Canis lupus familiaris
NEOSM	Neorickettsia sennetsu str. miyayama
LACC3	Lactobacillus casei atcc 334
HELPS	Helicobacter pylori shi470
THENN	Thermotoga neapolitana dsm 4359
PSEUD1	Pseudoalteromonas sp. sm9913
THESM	Thermococcus sibiricus mm 739
MACMU	Macaca mulatta
BIFAS	Bifidobacterium animalis subsp. lactis dsm 10140
PROMT	Prochlorococcus marinus str. natl2a
LACDN	Lactobacillus delbrueckii subsp. bulgaricus nd02
STRS2	Streptococcus suis 98hah33
NEMVE	Nematostella vectensis
ECO81	Escherichia coli ed1a
PSE14	Pseudomonas syringae pv. phaseolicola 1448a
DEHSV	Dehalococcoides sp. vs
MONDO	Monodelphis domestica
HELAH	Helicobacter acinonychis str. sheeba
CRYNJ	Cryptococcus neoformans var. neoformans jec21
TERTT	Teredinibacter turnerae t7901
MYCH2	Mycoplasma hyopneumoniae 232
BACLD	Bacillus licheniformis atcc 14580
CLTET1	Clostridium tetani e88
SHEHH	Shewanella halifaxensis haw-eb4
THTRA1	Thecamonas trahens atcc 50062
SPIPN	Spizellomyces punctatus daom br117
CHLL2	Chlorobium limicola dsm 245
BACA2	Bacillus amyloliquefaciens fzb42
STAMF	Staphylothermus marinus f1
AROAE	Aromatoleum aromaticum ebn1
ECOL5	Escherichia coli 536
BURCC	Burkholderia cenocepacia mc0-3
MACCJ	Macrococcus caseolyticus jcsc5402
THERP	Thermomicrobium roseum dsm 5159
LACLN	Lactococcus lactis subsp. cremoris nz9000
STALH	Staphylococcus lugdunensis hku09-01
PLAL2	Planctomyces limnophilus dsm 3776
SHIFL1	Shigella flexneri 2a str. 301
SHEPC	Shewanella putrefaciens cn-32
AGGAN	Aggregatibacter aphrophilus nj8700
STAA8	Staphylococcus aureus subsp. aureus nctc 8325
ANAMM	Anaplasma marginale str. st. maries
HELPH	Helicobacter pylori hpag1
NOCDD	Nocardiopsis dassonvillei subsp. dassonvillei dsm 43111
BIFBP	Bifidobacterium bifidum prl2010
CLOSW	Clostridium saccharolyticum wm1
XENBS	Xenorhabdus bovienii ss-2004
CAMJR	Campylobacter jejuni rm1221
PAPRO1	Paludibacter propionicigenes wb4
OLICO	Oligotropha carboxidovorans om5
FERPA	Ferroglobus placidus dsm 10642
CLOPS	Clostridium perfringens sm101
ECOKI	Escherichia coli ihe3034
NOCSJ	Nocardioides sp. js614
CALOO	Caldicellulosiruptor obsidiansis ob47
RHOCB	Rhodobacter capsulatus sb 1003
LACPS	Lactobacillus plantarum subsp. plantarum st-iii
MYCTK	Mycobacterium tuberculosis kzn 1435
BORBZ	Borrelia burgdorferi zs7
ATOPD	Atopobium parvulum dsm 20469
CHVIO1	Chromobacterium violaceum atcc 12472
MYTUB1	Mycobacterium tuberculosis h37rv
RHOPT	Rhodopseudomonas palustris tie-1
RHILS	Rhizobium leguminosarum bv. trifolii wsm1325
DEFDS	Deferribacter desulfuricans ssm1
TOGON1	Toxoplasma gondii rh
SHONE1	Shewanella oneidensis mr-1
ACIS3	Acidilobus saccharovorans 345-15
TOLAT	Tolumonas auensis dsm 9187
PIG	Sus scrofa
EXISA	Exiguobacterium sp. at1b
CHLFF	Chlamydophila felis fe/c-56
BORA1	Bordetella avium 197n
CORU7	Corynebacterium urealyticum dsm 7109
OCEP5	Oceanithermus profundus dsm 14977
CAMJ2	Campylobacter jejuni subsp. jejuni nctc 11168 = atcc 700819
AMICL	Aminobacterium colombiense dsm 12261
STRPF	Streptococcus pyogenes mgas10750
DICD5	Dickeya dadantii ech586
BAQUI1	Bartonella quintana str. toulouse
CARHZ	Carboxydothermus hydrogenoformans z-2901
PROMH	Proteus mirabilis hi4320
PYRFU	Pyrococcus furiosus dsm 3638
PIRSD	Pirellula staleyi dsm 6068
ERTAS1	Erwinia tasmaniensis et1/99
EDWTE	Edwardsiella tarda eib202
SUSOL1	Sulfolobus solfataricus p2
STRSW	Streptomyces scabiei 87.22
PSEU2	Pseudomonas syringae pv. syringae b728a
MYCCR	Mycoplasma conjunctivae hrc/581
RHOP5	Rhodopseudomonas palustris bisa53
DESBD	Desulfomicrobium baculatum dsm 4028
VIVUL2	Vibrio vulnificus mo6-24/o
GLUDA	Gluconacetobacter diazotrophicus pal 5
PRACN1	Propionibacterium acnes kpa171202
STAA5	Plasmid ps0385-1
TRPAL1	Treponema pallidum subsp. pallidum str. nichols
WIGBR	Wigglesworthia glossinidia endosymbiont of glossina brevipalpis
STGOR1	Streptococcus gordonii str. challis substr. ch1
STRS4	Streptococcus suis bm407
BOPAR1	Bordetella parapertussis 12822
CHLT7	Chlamydia trachomatis g/9768
STAAT	Staphylococcus aureus subsp. aureus usa300_tch1516
METPE	Methanosphaerula palustris e1-9c
BACPZ	Bacillus subtilis subsp. spizizenii str. w23
CLOBA	Clostridium botulinum e3 str. alaska e43
PLAKH	Plasmodium knowlesi strain h
PARDP	Paracoccus denitrificans pd1222
CESYM1	Cenarchaeum symbiosum a
UNCMA	Uncultured methanogenic archaeon rc-i
OCIHE1	Oceanobacillus iheyensis hte831
DESK1	Desulfurococcus kamchatkensis 1221n
BOBRO1	Bordetella bronchiseptica rb50
BUPSE1	Burkholderia pseudomallei k96243
BACEL1	Bacillus cellulosilyticus dsm 2522
RICBR	Rickettsia bellii rml369-c
MARAV	Marinobacter aquaeolei vt8
LACGA	Lactobacillus gasseri atcc 33323
ARTAR	Arthrobacter arilaitensis re117
THEBD	Thermobispora bispora dsm 43833
METS5	Metallosphaera sedula dsm 5348
LACF3	Lactobacillus fermentum ifo 3956
LIMON1	Listeria monocytogenes egd-e
MYCS2	Mycobacterium smegmatis str. mc2 155
MESSB	Chelativorans sp. bnc1
DICT6	Dictyoglomus thermophilum h-6-12
MEACE1	Methanosarcina acetivorans c2a
CLACE1	Clostridium acetobutylicum atcc 824
THEM4	Thermosipho melanesiensis bi429
ACTMD	Actinosynnema mirum dsm 43827
SYNJB	Synechococcus sp. ja-2-3b'a 2-13
BATHE1	Bacteroides thetaiotaomicron vpi-5482
FUNUC1	Fusobacterium nucleatum subsp. nucleatum atcc 25586
CAVPO	Cavia porcellus
OPITP	Opitutus terrae pb90-1
EDWTF	Edwardsiella tarda fl6-60
LEINT1	Leptospira interrogans serovar lai str. 56601
PERMH	Persephonella marina ex-h1
YERP3	Yersinia pseudotuberculosis ip 31758
CYTH3	Cytophaga hutchinsonii atcc 33406
INCAL1	Intrasporangium calvum dsm 43043
MICSR	Micromonas sp. rcc299
MYCBG	Mycoplasma bovis pg45
POLSQ	Polynucleobacter necessarius subsp. asymbioticus qlw-p1dmwa-1
SHIFL2	Shigella flexneri 2a str. 2457t
TRIEI	Trichodesmium erythraeum ims101
CORP2	Corynebacterium pseudotuberculosis c231
STRP7	Streptococcus pneumoniae 70585
DERAD1	Deinococcus radiodurans r1
PEDPA	Pediococcus pentosaceus atcc 25745
ASEXC1	Asticcacaulis excentricus cb 48
LISW6	Listeria welshimeri serovar 6b str. slcc5334
DEIGD	Deinococcus geothermalis dsm 11300
CALH1	Caldicellulosiruptor hydrothermalis 108
THEP1	Thermotoga petrophila rku-1
OCHPR	Ochotona princeps
MICAN	Microcystis aeruginosa nies-843
VIBVY	Vibrio vulnificus yj016
VITVI	Vitis vinifera
KLLAC1	Kluyveromyces lactis nrrl y-1140
HEMAN	Hemiselmis andersenii
PSEPW	Pseudomonas putida w619
XAAXO1	Xanthomonas axonopodis pv. citri str. 306
FRATE	Francisella tularensis subsp. tularensis ne061598
MECAP1	Methylococcus capsulatus str. bath
POLNS	Polynucleobacter necessarius subsp. necessarius stir1
THIDA	Thiobacillus denitrificans atcc 25259
METV3	Methanococcus voltae a3
RHOSK	Rhodobacter sphaeroides kd131
CITK8	Citrobacter koseri atcc baa-895
YEPSE1	Yersinia pseudotuberculosis ip 32953
NOSA0	'nostoc azollae' 0708
ALCBS	Alcanivorax borkumensis sk2
DEHSC	Dehalococcoides sp. cbdb1
ECOL6	Escherichia coli o6
RHOS5	Rhodobacter sphaeroides atcc 17025
DESHD	Desulfitobacterium hafniense dcb-2
RHOS1	Rhodobacter sphaeroides atcc 17029
GEOSK	Geobacter sulfurreducens kn400
STAAC	Staphylococcus aureus subsp. aureus col
ALLVD	Allochromatium vinosum dsm 180
TRURR	Truepera radiovictrix dsm 17093
STAHJ	Staphylococcus haemolyticus jcsc1435
MEISD	Meiothermus silvanus dsm 9946
COXB2	Coxiella burnetii cbug_q212
RALME	Cupriavidus metallidurans ch34
CAPEL1	Candidatus pelagibacter ubique htcc1062
MARMM	Maricaulis maris mcs10
HYPNA	Hyphomonas neptunium atcc 15444
RHOPS	Rhodopseudomonas palustris bisb5
NATMM	Natrialba magadii atcc 43099
RASOL2	Ralstonia solanacearum cfbp2957
SHIF8	Shigella flexneri 5 str. 8401
LACSS	Lactobacillus sakei subsp. sakei 23k
KYTSD	Kytococcus sedentarius dsm 20547
STRGZ	Streptococcus suis gz1
POLSJ	Polaromonas sp. js666
MAGSM	Magnetococcus sp. mc-1
BUAPH3	Buchnera aphidicola
ACIB3	Acinetobacter baumannii ab307-0294
RUTMC	Candidatus ruthia magnifica str. cm  calyptogena magnifica
XAORY1	Xanthomonas oryzae pv. oryzae kacc 10331
MEIRD	Meiothermus ruber dsm 1279
PORG3	Porphyromonas gingivalis atcc 33277
BOBUR1	Borrelia burgdorferi b31
ASHGO	Ashbya gossypii atcc 10895
NEIM0	Neisseria meningitidis 053442
STRPU	Strongylocentrotus purpuratus
THEAS	Thermanaerovibrio acidaminovorans dsm 6589
ROBBH	Robiginitalea biformata htcc2501
BOGAR1	Borrelia garinii pbi
ANTHE1	Anaerolinea thermophila uni-1
SHESH	Shewanella sediminis haw-eb3
BAHEL1	Bacteroides helcogenes p 36-108
PHYAS	Candidatus phytoplasma australiense
MYMOB1	Mycoplasma mobile 163k
SYTHE1	Symbiobacterium thermophilum iam 14863
STRGG	Streptomyces griseus subsp. griseus nbrc 13350
NITSB	Nitratiruptor sp. sb155-2
PYRIL	Pyrobaculum islandicum dsm 4184
PSYIN	Psychromonas ingrahamii 37
PYRCJ	Pyrobaculum calidifontis jcm 11548
VULDI	Vulcanisaeta distributa dsm 14429
WOLPP	Wolbachia endosymbiont of culex quinquefasciatus pel
METBF	Methanosarcina barkeri str. fusaro
NITOC	Nitrosococcus oceani atcc 19707
HEFEL1	Helicobacter felis atcc 49179
CABLO1	Candidatus blochmannia vafer str. bvaf
SALTO	Salinispora tropica cnb-440
BURA4	Burkholderia ambifaria mc40-6
FRATH	Francisella tularensis subsp. holarctica lvs
CORJK	Corynebacterium jeikeium k411
STAGA2	Streptococcus agalactiae nem316
HAES1	Haemophilus somnus 129pt
VIBFM	Vibrio fischeri mj11
MYCGH	Mycoplasma gallisepticum str. r
YERPP	Yersinia pestis pestoides f
STAAD	Staphylococcus aureus subsp. aureus ed98
ACIF2	Acidithiobacillus ferrooxidans atcc 23270
SULTO	Sulfolobus tokodaii str. 7
CHLT0	Chlamydia trachomatis g/11222
ENT38	Enterobacter sp. 638
BIFDB	Bifidobacterium dentium bd1
CHLTS	Chlamydia trachomatis sweden2
SULMD	Candidatus sulcia muelleri dmin
BART1	Bartonella tribocorum cip 105476
STAAE	Staphylococcus aureus subsp. aureus str. newman
STRM9	Streptobacillus moniliformis dsm 12112
SHIF2	Shigella flexneri 2002017
SAENT2	Salmonella enterica subsp. enterica serovar typhi str. ct18
SALPB	Salmonella enterica subsp. enterica serovar paratyphi b str. spb7
CALMQ	Caldivirga maquilingensis ic-167
LEUCK	Leuconostoc citreum km20
ACIFD	Acidimicrobium ferrooxidans dsm 10331
SANKS	Sanguibacter keddieii dsm 10542
CABRI1	Caenorhabditis briggsae af16
LACRL	Lactobacillus rhamnosus lc 705
MYGEN1	Mycoplasma genitalium g37
VICHO1	Vibrio cholerae o1 biovar el tor str. n16961
PSEAB	Pseudomonas aeruginosa ucbpp-pa14
STRPI	Streptococcus pneumoniae hungary19a-6
DANRE	Danio rerio
ORYLA	Oryzias latipes
ANOFW	Anoxybacillus flavithermus wk1
NITWN	Nitrobacter winogradskyi nb-255
LEPCP	Leptothrix cholodnii sp-6
METMJ	Methanoculleus marisnigri jr1
THEPD	Thermofilum pendens hrk 5
NEIG1	Neisseria gonorrhoeae fa 1090
UNCTG	Uncultured termite group 1 bacterium phylotype rs-d17
PARL1	Parvibaculum lavamentivorans ds-1
SPHJU	Sphingobium japonicum ut26s
CHLP8	Chlorobaculum parvum ncib 8327
BORDL	Borrelia duttonii ly
CHRSD	Chromohalobacter salexigens dsm 3043
ACIBY	Acinetobacter baumannii aye
HADUC1	Haemophilus ducreyi 35000hp
STAVE1	Streptomyces avermitilis ma-4680
GEOTN	Geobacillus thermodenitrificans ng80-2
THICR	Thiomicrospira crunogena xcl-2
FRATM	Francisella tularensis subsp. mediasiatica fsc147
NEMEN1	Neisseria meningitidis mc58
BACAN0	Bacillus anthracis str. ames
SPITD	Spirochaeta thermophila dsm 6192
BIFBS	Bifidobacterium bifidum s17
HAMAR1	Haloarcula marismortui atcc 43049
URPAR1	Ureaplasma parvum serovar 3 str. atcc 700970
BRESC	Brevundimonas subvibrioides atcc 15264
RHIEC	Rhizobium etli cfn 42
BIFLI	Bifidobacterium longum subsp. infantis atcc 15697
SHEWM	Shewanella woodyi atcc 51908
PHLUM1	Photorhabdus luminescens subsp. laumondii tto1
LEXYL1	Leifsonia xyli subsp. xyli str. ctcb07
HALMD	Halomicrobium mukohataei dsm 12286
BURP8	Burkholderia phymatum stm815
ERIEU	Erinaceus europaeus
MYTUB2	Mycobacterium tuberculosis cdc1551
ALISL	Aliivibrio salmonicida lfi1238
THEAC	Thermoplasma acidophilum dsm 1728
ORNAN	Ornithorhynchus anatinus
STRSX	Streptococcus suis sc84
CLOAI	Candidatus cloacamonas acidaminovorans
LACDA	Lactobacillus delbrueckii subsp. bulgaricus atcc 11842
THENR	Thermotoga naphthophila rku-10
CAMLR	Campylobacter lari rm2100
BORPD	Bordetella petrii dsm 12804
ECO5T	Escherichia coli o157:h7 str. tw14359
BACSK	Bacillus clausii ksm-k16
LACCZ	Lactobacillus casei str. zhang
TROWT	Tropheryma whipplei str. twist
CHABO1	Chlamydophila abortus s26/3
SULAO	Sulfurimonas autotrophica dsm 16294
ECO44	Plasmid paa
CHPNE2	Chlamydophila pneumoniae ar39
ANAMF	Anaplasma marginale str. florida
ASPFC	Aspergillus fumigatus a1163
XYLFG	Xylella fastidiosa subsp. fastidiosa gb514
STPYO5	Streptococcus pyogenes mgas10394
ECOCB	Escherichia coli o55:h7 str. cb9615
DESAT	Desulfurivibrio alkaliphilus aht2
DESRD	Desulfohalobium retbaense dsm 5692
LEPBP	Leptospira biflexa serovar patoc strain 'patoc 1  paris'
ROTDC	Rothia dentocariosa atcc 17931
SYNP6	Synechococcus elongatus pcc 6301
ERWBE	Erwinia billingiae eb661
XANOP	Xanthomonas oryzae pv. oryzae pxo99a
CHLPP	Chlamydophila pneumoniae lpcoln
BRJAP1	Bradyrhizobium japonicum usda 110
METPB	Methylobacterium populi bj001
XANOM	Xanthomonas oryzae pv. oryzae maff 311018
LAJOH1	Lactobacillus johnsonii ncc 533
HALED	Halomonas elongata dsm 2581
AZOC5	Azorhizobium caulinodans ors 571
FLAB3	Flavobacteriaceae bacterium 3519-10
BEII9	Beijerinckia indica subsp. indica atcc 9039
HODCD	Candidatus hodgkinia cicadicola dsem
ERWP6	Erwinia pyrifoliae dsm 12163
ROTMD	Rothia mucilaginosa dy-18
NITHN	Nitrosococcus halophilus nc4
UREP2	Ureaplasma parvum serovar 3 str. atcc 27815
EMENI	Emericella nidulans
BACP2	Bacillus pumilus safr-032
CAPOD	Capnocytophaga ochracea dsm 7271
RENSM	Renibacterium salmoninarum atcc 33209
BIFAA	Bifidobacterium adolescentis atcc 15703
HALWD	Haloquadratum walsbyi dsm 16790
RAT	Rattus norvegicus
DESRM	Desulfotomaculum reducens mi-1
AGRT5	Agrobacterium tumefaciens str. c58
ECOBW	Escherichia coli bw2952
META3	Methanococcus aeolicus nankai-3
LACDB	Lactobacillus delbrueckii subsp. bulgaricus atcc baa-365
SHESW	Shewanella sp. w3-18-1
PANAM	Pantoea ananatis lmg 20103
PARBH	Parvularcula bermudensis htcc2503
CUTAI1	Cupriavidus taiwanensis lmg 19424
DEHAN1	Debaryomyces hansenii cbs767
HERA2	Herpetosiphon aurantiacus dsm 785
PELTS	Pelotomaculum thermopropionicum si
ACEAZ	Acetohalobium arabaticum dsm 5501
BUAPH2	Buchnera aphidicola str. sg  schizaphis graminum
CELJU	Cellvibrio japonicus ueda107
YEAST	Saccharomyces cerevisiae
STAUR1	Staphylococcus aureus subsp. aureus usa300_fpr3757
ECO1A	Escherichia coli o111:h- str. 11128
POEGU	Taeniopygia guttata
YERPA	Yersinia pestis antiqua
ANACI	Anaplasma centrale str. israel
SULDN	Sulfurimonas denitrificans dsm 1251
SALG2	Salmonella enterica subsp. enterica serovar gallinarum str. 287/91
ACHXA	Achromobacter xylosoxidans a8
DINSH	Dinoroseobacter shibae dfl 12
HELPJ	Helicobacter pylori j99
MYLEP1	Mycobacterium leprae tn
GEOOG	Geodermatophilus obscurus dsm 43160
SULIA	Sulfolobus islandicus m.16.27
METC4	Methylobacterium chloromethanicum cm4
IDLOI1	Idiomarina loihiensis l2tr
COPPD	Coprothermobacter proteolyticus dsm 5265
FRASC	Frankia sp. cci3
BRUMB	Brucella melitensis atcc 23457
BRADI	Brachypodium distachyon
BACIE	Bacillus selenitireducens mls10
XANC8	Xanthomonas campestris pv. campestris str. 8004
SPILD	Spirosoma linguale dsm 74
CHLTD	Chlamydia trachomatis d-ec
BURP6	Burkholderia pseudomallei 668
CITRI	Citrobacter rodentium icc168
MANSM	Mannheimia succiniciproducens mbel55e
STRMK	Stenotrophomonas maltophilia k279a
GORB4	Gordonia bronchialis dsm 43247
RICPU	Rickettsia peacockii str. rustic
TRBRU1	Trypanosoma brucei treu927
CLOBK	Clostridium botulinum b1 str. okra
ECO8A	Escherichia coli iai1
THEAB	Thermosipho africanus tcf52b
PRMAR1	Prochlorococcus marinus subsp. marinus str. ccmp1375
CALK2	Caldicellulosiruptor kronotskyensis 2002
MARMS	Marinomonas sp. mwyl1
ASFUM1	Aspergillus fumigatus af293
LEGPH	Legionella pneumophila subsp. pneumophila str. philadelphia 1
BURTA	Burkholderia thailandensis e264
MOUSE	Mus musculus
METFK	Methylobacillus flagellatus kt
THEFY	Thermobifida fusca yx
HAEIG	Haemophilus influenzae pittgg
BLASP	Blattabacterium sp.  periplaneta americana str. bplan
METBU	Methanococcoides burtonii dsm 6242
GEOSW	Geobacillus sp. wch70
THEM3	Thermoanaerobacter mathranii subsp. mathranii str. a3
PROM5	Prochlorococcus marinus str. mit 9515
METIM	Methanocaldococcus infernus me
MEKAN1	Methanopyrus kandleri av19
ACTPJ	Actinobacillus pleuropneumoniae serovar 3 str. jl03
BUCAT	Buchnera aphidicola str. tuc7  acyrthosiphon pisum
STPYO4	Streptococcus pyogenes ssi-1
NEIML	Neisseria meningitidis alpha14
KRIFD	Kribbella flavida dsm 17836
RHOE1	Rhodococcus equi 103s
METEA	Methylobacterium extorquens am1
CAMFF	Campylobacter fetus subsp. fetus 82-40
YERPG	Yersinia pestis angola
BLOPB	Candidatus blochmannia pennsylvanicus str. bpen
CHTRA1	Chlamydia trachomatis d/uw-3/cx
CYAP7	Cyanothece sp. pcc 7424
CYAP4	Cyanothece sp. pcc 7425
DEPSY1	Desulfotalea psychrophila lsv54
CLOB6	Clostridium botulinum ba4 str. 657
BATHU1	Bacillus thuringiensis serovar konkukian str. 97-27
BRASB	Bradyrhizobium sp. btai1
BUCA5	Buchnera aphidicola str. 5a  acyrthosiphon pisum
PSSUW1	Pseudoxanthomonas suwonensis 11-1
ANOCA	Anolis carolinensis
CHLRE	Chlamydomonas reinhardtii
VIBC3	Vibrio cholerae o395
RHOPB	Rhodopseudomonas palustris bisb18
TREPC	Treponema pallidum subsp. pallidum str. chicago
ECO27	Escherichia coli o127:h6 str. e2348/69
GAPRO1	Gamma proteobacterium hdn1
METLZ	Methanocorpusculum labreanum z
EUBR3	Eubacterium rectale atcc 33656
ESCOL3	Escherichia coli o157:h7 str. edl933
CHCAV1	Chlamydophila caviae gpic
CROAH	Croceibacter atlanticus htcc2559
CRPAR1	Cryptosporidium parvum iowa ii
STRZT	Streptococcus pneumoniae taiwan19f-14
STRSV	Streptococcus sanguinis sk36
HEHEP1	Helicobacter hepaticus atcc 51449
BOPER1	Bordetella pertussis tohama i
TESAA1	Terriglobus saanensis sp1pr4
NAKMY	Nakamurella multipartita dsm 44233
SALAI	Salinispora arenicola cns-205
LISM1	Listeria monocytogenes 08-5578
AEDAE	Aedes aegypti
ENTS8	Cronobacter sakazakii atcc baa-894
METTP	Methanosaeta thermophila pt
LACS1	Lactobacillus salivarius ucc118
BACC1	Bacillus cereus atcc 10987
METPP	Methylibium petroleiphilum pm1
YERPN	Yersinia pestis nepal516
GEKAU1	Geobacillus kaustophilus hta426
DROME	Drosophila melanogaster
ASPOR	Aspergillus oryzae
BIFLD	Bifidobacterium longum djo10a
MEMAZ1	Methanosarcina mazei go1
THEAN	Theileria annulata
SULIN	Sulfolobus islandicus y.n.15.51
BURP0	Burkholderia pseudomallei 1106a
SHESM	Shewanella sp. mr-4
SHESR	Shewanella sp. mr-7
BACC4	Bacillus cereus b4264
XYLFT	Xylella fastidiosa temecula1
CARRP	Candidatus carsonella ruddii pv
MYCA5	Mycoplasma arthritidis 158l3-1
BACC7	Bacillus cereus ah187
DESAD	Desulfovibrio salexigens dsm 2638
THEIA	Thermoanaerobacter italicus ab9
SILST	Ruegeria sp. tm1040
ECOBR	Escherichia coli b str. rel606
YEPES3	Yersinia pestis biovar microtus str. 91001
HALNC	Halothiobacillus neapolitanus c2
DEIND1	Desulfurispirillum indicum s5
IGNH4	Ignicoccus hospitalis kin4/i
FRAP2	Francisella philomiragia subsp. philomiragia atcc 25017
KANKD	Kangiella koreensis dsm 16069
SHIBS	Shigella boydii sb227
ACIAC	Acidovorax citrulli aac00-1
BILON3	Bifidobacterium longum subsp. longum jcm 1217
CLOC7	Clostridium cellulovorans 743b
BURM7	Burkholderia mallei nctc 10247
BACAN1	Bacillus anthracis str. 'ames ancestor'
BACT2	Kyrpidia tusciae dsm 2912
MYFER1	Mycoplasma fermentans m64
ACISD	Acinetobacter oleivorans dr1
CANAW	Candida albicans wo-1
BACCZ	Bacillus cereus e33l
EDWI9	Edwardsiella ictaluri 93-146
RHOCS	Rhodospirillum centenum sw
CLOK5	Clostridium kluyveri dsm 555
ERWAE	Erwinia amylovora atcc 49946
CLOBJ	Clostridium botulinum a2 str. kyoto
STPYO7	Streptococcus pyogenes mgas5005
DESVM	Desulfovibrio vulgaris str. 'miyazaki f'
BASUB1	Bacillus subtilis subsp. subtilis str. 168
ECOHS	Escherichia coli hs
SPISS	Spirochaeta smaragdinae dsm 11293
GEOBA2	Geobacter sp. m18
PROM4	Prochlorococcus marinus str. mit 9211
PROM2	Prochlorococcus marinus str. mit 9215
DEPRO1	Desulfobulbus propionicus dsm 2032
RICRS	Rickettsia rickettsii str. 'sheila smith'
DESMR	Desulfovibrio magneticus rs-1
THMAR1	Thermotoga maritima msb8
METVS	Methanococcus vannielii sb
CYAA5	Cyanothece sp. atcc 51142
ZINIC	Candidatus zinderia insecticola cari
ECOLU	Escherichia coli umn026
GASAC	Gasterosteus aculeatus
PSEA8	Pseudomonas aeruginosa lesb58
EHRRG	Ehrlichia ruminantium str. gardel
MYCA9	Mycobacterium abscessus atcc 19977
THIK1	Thiomonas intermedia k12
HAES2	Haemophilus somnus 2336
LACLM	Lactococcus lactis subsp. cremoris mg1363
HELP9	Helicobacter pylori 908
PARD8	Parabacteroides distasonis atcc 8503
BRUC2	Brucella canis atcc 23365
GRABC	Granulibacter bethesdensis cgdnih1
SACEN	Saccharopolyspora erythraea nrrl 2338
GARV4	Gardnerella vaginalis 409-05
DENA2	Denitrovibrio acetiphilus dsm 12809
ACIBS	Acinetobacter baumannii sdf
FRATW	Francisella tularensis subsp. tularensis wy96-3418
TETTH	Tetrahymena thermophila
PREMB	Prevotella melaninogenica atcc 25845
ESCOL4	Escherichia coli cft073
PROMP	Prochlorococcus marinus subsp. pastoris str. ccmp1986
LEGP2	Legionella pneumophila 2300/99 alcoy
TREPS	Treponema pallidum subsp. pallidum ss14
LEINF1	Leishmania infantum jpcm5
STAGA1	Streptococcus agalactiae 2603v/r
LISML	Listeria monocytogenes l99
LOXAF	Loxodonta africana
MYCHP	Mycoplasma hominis atcc 23114
METP4	Methanoplanus petrolearius dsm 11571
ROSS1	Roseiflexus sp. rs-1
BACPE	Bacillus pseudofirmus of4
DESAA	Desulfatibacillum alkenivorans ak-01
XYLFM	Xylella fastidiosa m12
BLOFL	Candidatus blochmannia floridanus
ASPCL	Aspergillus clavatus
XANAP	Xanthomonas albilineans gpe pc73
RHILW	Rhizobium leguminosarum bv. trifolii wsm2304
HYPBU	Hyperthermus butylicus dsm 5456
XACAM1	Xanthomonas campestris pv. campestris str. atcc 33913
SEBTE	Sebaldella termitidis atcc 33386
MYMYC1	Mycoplasma mycoides subsp. mycoides sc str. pg1
XENTR	Xenopus  silurana tropicalis
NIEUR1	Nitrosomonas europaea atcc 19718
EHRCR	Ehrlichia chaffeensis str. arkansas
BEUC1	Beutenbergia cavernae dsm 12333
ACIC1	Acidothermus cellulolyticus 11b
AZOVD	Azotobacter vinelandii dj
BURSG	Burkholderia sp. ccge1003
BURSC	Burkholderia sp. ccge1002
MECIC1	Mesorhizobium ciceri biovar biserrulae wsm1271
ECHTE	Echinops telfairi
CORK4	Corynebacterium kroppenstedtii dsm 44385
SHEB2	Shewanella baltica os223
PSEPF	Pseudomonas fluorescens pf0-1
RICB8	Rickettsia bellii osu 85-389
PSSYR1	Pseudomonas syringae pv. tomato str. dc3000
BILON2	Bifidobacterium longum subsp. infantis 157f
NEUCR	Neurospora crassa
STRZ6	Streptococcus pneumoniae 670-6b
YERPD	Yersinia pestis d106004
THAMM1	Thermovibrio ammonificans hb-1
CHTEP1	Chlorobium tepidum tls
LEUKI	Leuconostoc kimchii imsnu 11154
HALUD	Halorhabdus utahensis dsm 12940
HIRBI	Hirschia baltica atcc 49814
CRYCD	Cryptobacterium curtum dsm 15641
NITHX	Nitrobacter hamburgensis x14
PAEPS	Paenibacillus polymyxa sc2
ECOUT	Escherichia coli uti89
ECOAB	Escherichia coli abu 83972
CAMJI	Plasmid pvir
AYWBP	Aster yellows witches'-broom phytoplasma aywb
KOSOT	Kosmotoga olearia tbf 19.5.1
SYNR3	Synechococcus sp. rcc307
LIBSC	Candidatus liberibacter solanacearum clso-zc1
THEAH	Thermocrinis albus dsm 14484
MICRO1	Micromonospora sp. l5
HALO1	Haliangium ochraceum dsm 14365
CIOSAREFTIG	Ciona savignyi
BIFAB	Bifidobacterium animalis subsp. lactis bb-12
BRUO2	Brucella ovis atcc 25840
ACIFV	Acidaminococcus fermentans dsm 20731
ACIBL	Candidatus koribacter versatilis ellin345
SALA4	Salmonella enterica subsp. enterica serovar agona str. sl483
SHEFN	Shewanella frigidimarina ncimb 400
CAGLA1	Candida glabrata cbs 138
ISPAL1	Isosphaera pallida atcc 43644
ANADF	Anaeromyxobacter sp. fw109-5
GEOSM	Geobacter sp. m21
AMOA5	Candidatus amoebophilus asiaticus 5a2
BURRH	Burkholderia rhizoxinica hki 454
FELCA	Felis catus
BARGA	Bartonella grahamii as4aup
CEALG1	Cellulophaga algicola dsm 14237
DYAFD	Dyadobacter fermentans dsm 18053
NEORI	Neorickettsia risticii str. illinois
NOSS1	Nostoc sp. pcc 7120
CLBOT1	Clostridium botulinum a str. atcc 3502
SLAHD	Slackia heliotrinireducens dsm 20476
THESQ	Thermotoga sp. rq2
BACMD	Bacillus megaterium dsm 319
CORP1	Corynebacterium pseudotuberculosis 1002
STRPZ	Streptococcus pyogenes nz131
STAA0	Plasmid ptw20_1
PYRAR	Pyrobaculum arsenaticum dsm 13514
JANMA	Janthinobacterium sp. marseille
HAEIE	Haemophilus influenzae pittee
RABIT	Oryctolagus cuniculus
BURXL	Burkholderia xenovorans lb400
LEPBA	Leptospira biflexa serovar patoc strain 'patoc 1  ames'
LIBAP	Candidatus liberibacter asiaticus str. psy62
BACFN	Bacteroides fragilis nctc 9343
STPYO1	Streptococcus pyogenes m1 gas
STRPB	Streptococcus pyogenes mgas2096
ANATD	Caldicellulosiruptor bescii dsm 6725
MICAI	Micromonospora aurantiaca atcc 27029
BAHAL1	Bacillus halodurans c-125
ALKOO	Alkaliphilus oremlandii ohilas
MONBE	Monosiga brevicollis
GLVIO1	Gloeobacter violaceus pcc 7421
PARUW	Candidatus protochlamydia amoebophila uwe25
HALLT	Halorubrum lacusprofundi atcc 49239
LEAB4	Leadbetterella byssophila dsm 17132
ECO24	Escherichia coli e24377a
UCYNA	Cyanobacterium ucyn-a
SORAR	Sorex araneus
PTEVA	Pteropus vampyrus
ACTP2	Actinobacillus pleuropneumoniae serovar 5b str. l20
EUBLK	Eubacterium limosum kist612
STAEQ	Staphylococcus epidermidis rp62a
SORBI	Sorghum bicolor
YERPY	Yersinia pseudotuberculosis ypiii
PHEZH	Phenylobacterium zucineum hlk1
ANOGA	Anopheles gambiae
AZOSB	Azoarcus sp. bh72
CHLT5	Chlamydia trachomatis e/150
BURM1	Burkholderia multivorans atcc 17616
AZOS1	Azospirillum sp. b510
CHLT2	Chlamydia trachomatis 434/bu
BACC2	Bacillus cereus g9842
ACEP3	Acetobacter pasteurianus ifo 3283-01
BDBAC1	Bdellovibrio bacteriovorus hd100
CLODR	Clostridium difficile r20291
NEFIS1	Neosartorya fischeri
STRDG	Streptococcus dysgalactiae subsp. equisimilis ggs_124
VEIPT	Veillonella parvula dsm 2008
ECOUM	Escherichia coli um146
FLAJ1	Flavobacterium johnsoniae uw101
COXBN	Coxiella burnetii dugway 5j108-111
ZYMOB1	Zymomonas mobilis subsp. mobilis zm4
OLSUV	Olsenella uli dsm 7084
DEMAR1	Deinococcus maricopensis dsm 21211
CAMC5	Campylobacter curvus 525.92
BARBK	Bartonella bacilliformis kc583
METS6	Methylovorus sp. mp688
THISK	Thioalkalivibrio sp. k90mix
WOLWR	Wolbachia sp. wri
CLOBL	Clostridium botulinum f str. langeland
AGRVS	Agrobacterium vitis s4
ECTSI	Ectocarpus siliculosus
LISMH	Listeria monocytogenes hcc23
COGLU1	Corynebacterium glutamicum atcc 13032
HELPT	Helicobacter pylori sat464
DICZE	Dickeya zeae ech1591
BURCM	Burkholderia ambifaria ammd
MYCCM	Mycoplasma crocodyli mp145
ECOBB	Escherichia coli bl21
ASPTE	Aspergillus terreus
METRJ	Methylobacterium radiotolerans jcm 2831
SULIM	Sulfolobus islandicus m.14.25
OSTLU	Ostreococcus lucimarinus cce9901
METS3	Methanobrevibacter smithii atcc 35061
SULD5	Sulfurospirillum deleyianum dsm 6946
CAUSK	Caulobacter sp. k31
PSEPG	Pseudomonas putida gb-1
BRAP9	Brachyspira pilosicoli 95/1000
DICNV	Dichelobacter nodosus vcs1703a
FIBSS	Fibrobacter succinogenes subsp. succinogenes s85
RIFEL1	Rickettsia felis urrwxcal2
ERYLH	Erythrobacter litoralis htcc2594
MELOT1	Mesorhizobium loti maff303099
STRT2	Streptococcus thermophilus lmg 18311
SPHTD	Sphaerobacter thermophilus dsm 20745
AERS4	Aeromonas salmonicida subsp. salmonicida a449
LACAR	Lactobacillus amylovorus grl 1112
ETHAR1	Ethanoligenens harbinense yuan-3
BRASO	Bradyrhizobium sp. ors 278
ILYPC	Ilyobacter polytropus dsm 2926
GALCS	Gallionella capsiferriformans es-2
NOVAD	Novosphingobium aromaticivorans dsm 12444
CORPF	Corynebacterium pseudotuberculosis frc41
NISAL1	Nitratifractor salsuginis dsm 16511
ACIDO1	Acidobacterium sp. mp5actx9
FERBD	Ferrimonas balearica dsm 9799
CAMHC	Campylobacter hominis atcc baa-381
CHLAA	Chloroflexus aurantiacus j-10-fl
MYCLG	Mycoplasma leachii pg50
RHOFD	Rhodoferax ferrireducens t118
SALRD	Salinibacter ruber dsm 13855
FRTUL1	Francisella tularensis subsp. tularensis schu s4
CALKI	Caldicellulosiruptor kristjanssonii 177r1b
CATAD	Catenulispora acidiphila dsm 44928
PROM3	Prochlorococcus marinus str. mit 9303
PROM0	Prochlorococcus marinus str. mit 9301
THAPS	Thalassiosira pseudonana
SINMW	Sinorhizobium medicae wsm419
BACAS	Bacillus amyloliquefaciens dsm 7
DESB2	Desulfarculus baarsii dsm 2075
HS	Homo sapiens
BURPP	Burkholderia phytofirmans psjn
CHLT1	Chlamydia trachomatis e/11023
AMMDK	Ammonifex degensii kc4
BUCCC	Buchnera aphidicola bcc
LISMF	Listeria monocytogenes serotype 4b str. f2365
BACAH	Bacillus thuringiensis str. al hakam
CHLPD	Chlorobium phaeobacteroides dsm 266
RHISN	Sinorhizobium fredii ngr234
LACLK	Lactococcus lactis subsp. lactis kf147
NEIM8	Neisseria meningitidis 8013
DICD3	Dickeya dadantii 3937
LISSS	Listeria seeligeri serovar 1/2b str. slcc3954
STRR6	Streptococcus pneumoniae r6
CALNY	Calditerrivibrio nitroreducens dsm 19672
PAESJ	Paenibacillus sp. jdr-2
STAGA3	Streptococcus agalactiae a909
VAPAR1	Variovorax paradoxus eps
WOLTR	Wolbachia endosymbiont strain trs of brugia malayi
HALVD	Haloferax volcanii ds2
SIDLE	Sideroxydans lithotrophicus es-1
OSTTA	Ostreococcus tauri
SALT1	Plasmid unnamed
VIBCJ	Vibrio cholerae mj-1236
RUPOM1	Ruegeria pomeroyi dss-3
CHMUR1	Chlamydia muridarum nigg
CHLTB	Chlamydia trachomatis l2b/uch-1/proctitis
ENINT1	Encephalitozoon intestinalis atcc 50506
VIBSL	Vibrio splendidus lgp32
METFV	Methanothermus fervidus dsm 2088
CELFN	Cellulomonas flavigena dsm 20109
APPPP	Candidatus phytoplasma mali
HELMI	Heliobacterium modesticaldum ice1
ALKMQ	Alkaliphilus metalliredigens qymf
MAGSA	Magnetospirillum magneticum amb-1
DEHLB	Dehalogenimonas lykanthroporepellens bl-dc-9
ECO7I	Escherichia coli iai39
METEZ	Methanohalobium evestigatum z-7303
LAACI1	Lactobacillus acidophilus ncfm
LACBA	Lactobacillus brevis atcc 367
MARTH	Marivirga tractuosa dsm 4126
HORSE	Equus caballus
HAEI8	Haemophilus influenzae 86-028np
ALDEN1	Alicycliphilus denitrificans bc
RICRO	Rickettsia rickettsii str. iowa
VARPS	Variovorax paradoxus s110
GORGO	Gorilla gorilla
HALBP	Halogeometricum borinquense dsm 11551
STAHD	Staphylothermus hellenicus dsm 12710
ACIAD	Acinetobacter sp. adp1
LACFC	Lactobacillus fermentum cect 5716
TURTR	Tursiops truncatus
CHLTG	Chlamydia trachomatis g/11074
LYSSC	Lysinibacillus sphaericus c3-41
SOLUE	Candidatus solibacter usitatus ellin6076
THPAR1	Theileria parva strain muguga
STRRD	Streptosporangium roseum dsm 43021
LACRF	Lactobacillus reuteri f275
ACIET	Acidovorax ebreus tpsy
FRASU	Frankia sp. eui1c
CLOLD	Clostridium ljungdahlii dsm 13528
PISTI1	Scheffersomyces stipitis cbs 6054
ENTCC	Enterobacter cloacae subsp. cloacae atcc 13047
GLOXY1	Gluconobacter oxydans 621h
PICTO	Picrophilus torridus dsm 9790
CAOWC1	Capsaspora owczarzaki atcc 30864
PROVI	Chlorobium phaeovibrioides dsm 265
BLASB	Blattabacterium sp.  blattella germanica str. bge
CUPNH	Ralstonia eutropha h16
STRP2	Streptococcus pneumoniae d39
AKKM8	Akkermansia muciniphila atcc baa-835
RHBAL1	Rhodopirellula baltica sh 1
ARCPA	Archaeoglobus profundus dsm 5631
DEIDV	Deinococcus deserti vcd115
LACLS	Lactococcus lactis subsp. cremoris sk11
PSEF5	Pseudomonas fluorescens pf-5
THENV	Thermoproteus neutrophilus v24sta
ORITI	Orientia tsutsugamushi str. ikeda
HALOB1	Halobacterium sp. nrc-1
RHIL3	Rhizobium leguminosarum bv. viciae 3841
CLOBB	Clostridium botulinum b str. eklund 17b
APIME	Apis mellifera
LISM2	Listeria monocytogenes 08-5923
JONDD	Jonesia denitrificans dsm 20603
STACT	Staphylococcus carnosus subsp. carnosus tm300
PYRAE	Pyrobaculum aerophilum str. im2
BRUA2	Brucella melitensis biovar abortus 2308
BURGB	Burkholderia glumae bgr1
CAMJD	Campylobacter jejuni subsp. doylei 269.97
ENFAE1	Enterococcus faecalis v583
COXBR	Coxiella burnetii rsa 331
SERP5	Serratia proteamaculans 568
ECO10	Escherichia coli o103:h2 str. 12009
LEGPC	Legionella pneumophila str. corby
NITMS	Nitrosopumilus maritimus scm1
YEPES1	Yersinia pestis co92
LEUMM	Leuconostoc mesenteroides subsp. mesenteroides atcc 8293
LEGPL	Legionella pneumophila str. lens
LAPLA1	Lactobacillus plantarum wcfs1
GRAFK	Gramella forsetii kt0803
HERAR	Herminiimonas arsenicoxydans
HERSS	Herbaspirillum seropedicae smr1
PROM9	Prochlorococcus marinus str. mit 9312
PROMM	Prochlorococcus marinus str. mit 9313
RICM5	Rickettsia massiliae mtu5
ZYGRO	Zygosaccharomyces rouxii
TETNG	Tetraodon nigroviridis
RIEPU	Candidatus riesia pediculicola usda
ORYSJ	Oryza sativa japonica group
GEOBB	Geobacter bemidjiensis bem
EUBE2	Eubacterium eligens atcc 27750
DEHSB	Dehalococcoides sp. bav1
MYCUA	Mycobacterium ulcerans agy99
SYNLT	Syntrophothermus lipocalidus dsm 12680
CHPNE4	Chlamydophila pneumoniae tw-183
HYDS0	Hydrogenobaculum sp. y04aas1
CODIP1	Corynebacterium diphtheriae nctc 13129
DESVV	Desulfovibrio vulgaris dp4
PLAF7	Plasmodium falciparum 3d7
SHEPA	Shewanella pealeana atcc 700345
XANC5	Xanthomonas campestris pv. vesicatoria str. 85-10
TRIAD	Trichoplax adhaerens
HALHL	Halorhodospira halophila sl1
BRUSI	Brucella suis atcc 23445
ASPFL	Aspergillus flavus
SULID	Sulfolobus islandicus l.d.8.5
METMS	Methanohalophilus mahii dsm 5219
UREU1	Ureaplasma urealyticum serovar 10 str. atcc 33699
STPNE1	Streptococcus pneumoniae tigr4
CHLT3	Chloroherpeton thalassium atcc 35110
KLEP7	Klebsiella pneumoniae subsp. pneumoniae mgh 78578
THEP3	Thermoanaerobacter pseudethanolicus atcc 33223
BACV8	Bacteroides vulgatus atcc 8482
SALSV	Salmonella enterica subsp. enterica serovar schwarzengrund str. cvm196
XYLF2	Xylella fastidiosa m23
PROCA	Procavia capensis
PYHOR1	Pyrococcus horikoshii ot3
BACCR	Bacillus cereus atcc 14579
SPALA1	Sphingopyxis alaskensis rb2256
SALDC	Salmonella enterica subsp. enterica serovar dublin str. ct_02021853
KLEP3	Klebsiella pneumoniae 342
PLACH	Plasmodium chabaudi
CHLAD	Chloroflexus aggregans dsm 9485
NAUPA	Nautilia profundicola amh
STRSZ	Streptococcus equi subsp. zooepidemicus
CLPER1	Clostridium perfringens str. 13
BASUB2	Bacillus subtilis bsn5
BACLA1	Bartonella clarridgeiae 73
RICON1	Rickettsia conorii str. malish 7
CHLSY	Chloroflexus sp. y-400-fl
MYCGF	Mycoplasma gallisepticum str. f
PECCP	Pectobacterium carotovorum subsp. carotovorum pc1
MARSH	Maribacter sp. htcc2170
SALPK	Salmonella enterica subsp. enterica serovar paratyphi a str. aku_12601
CHICK	Gallus gallus
ECO45	Escherichia coli s88
BACT1	Bacillus thuringiensis bmb171
ONYEL1	Onion yellows phytoplasma oy-m
FLAPJ	Flavobacterium psychrophilum jip02/86
ESCOL2	Escherichia coli o157:h7 str. sakai
PENCW	Penicillium chrysogenum wisconsin 54-1255
ACIBT	Acinetobacter baumannii atcc 17978
GEOMG	Geobacter metallireducens gs-15
SUACI1	Sulfolobus acidocaldarius dsm 639
PUCGT	Puccinia graminis f. sp. tritici crl 75-36-700-3
RIPRO1	Rickettsia prowazekii str. madrid e
RHIE6	Rhizobium etli ciat 652
THETC	Thermoanaerobacterium thermosaccharolyticum dsm 571
CORA7	Corynebacterium aurimucosum atcc 700975
METVM	Methanocaldococcus vulcanius m7
METST	Methanosphaera stadtmanae dsm 3091
STRPG	Streptococcus pyogenes str. manfredo
BURCJ	Burkholderia cenocepacia j2315
PELPB	Pelodictyon phaeoclathratiforme bu-1
METS4	Methylobacterium sp. 4-46
CAJEJ1	Campylobacter jejuni subsp. jejuni icdccj07001
PEATR1	Pectobacterium atrosepticum scri1043
STCOE1	Streptomyces coelicolor a3 2
DESVH	Desulfovibrio vulgaris str. hildenborough
PHASY1	Photorhabdus asymbiotica
TARSY	Tarsius syrichta
FERNB	Fervidobacterium nodosum rt17-b1
EHRRW	Ehrlichia ruminantium str. welgevonden
METSF	Methanocaldococcus sp. fs406-22
GEOS0	Geobacillus sp. y4.1mc1
ECOD1	Escherichia coli dh1
GEOS4	Paenibacillus sp. y412mc10
STAAJ	Staphylococcus aureus subsp. aureus jkd6159
BURP1	Burkholderia pseudomallei 1710b
METPS	Methanocella paludicola sanae
BURMS	Burkholderia mallei savp1
BUAPH1	Buchnera aphidicola str. aps  acyrthosiphon pisum
THSCO1	Thermus scotoductus sa-01
SPHWW	Sphingomonas wittichii rw1
STAS1	Staphylococcus saprophyticus subsp. saprophyticus atcc 15305
BRUMC	Brucella microti ccm 4915
LALAC1	Lactococcus lactis subsp. lactis il1403
ACTSZ	Actinobacillus succinogenes 130z
SALEP	Salmonella enterica subsp. enterica serovar enteritidis str. p125109
PHINF1	Phytophthora infestans t30-4
BRABO1	Brucella abortus bv. 1 str. 9-941
SODGM	Sodalis glossinidius str. 'morsitans'
STRMN	Streptococcus mutans nn2025
THTEN1	Thermoanaerobacter tengcongensis mb4
HYPDA	Hyphomicrobium denitrificans atcc 51888
PSEPK	Pseudomonas putida kt2440
STAAF	Staphylococcus aureus subsp. aureus ed133
THESX	Thermoanaerobacter sp. x513
THEPX	Thermoanaerobacter sp. x514
HELPM	Helicobacter pylori sjm180
COLP3	Colwellia psychrerythraea 34h
DICDI	Dictyostelium discoideum
KOCRD	Kocuria rhizophila dc2201
BUCBP	Buchnera aphidicola str. bp  baizongia pistaciae
CORGB	Corynebacterium glutamicum r
CALS8	Caldicellulosiruptor saccharolyticus dsm 8903
NITEC	Nitrosomonas eutropha c91
NOSP7	Nostoc punctiforme pcc 73102
KINRD	Kineococcus radiotolerans srs30216
MYCH7	Mycoplasma hyopneumoniae 7448
PROFC	Propionibacterium freudenreichii subsp. shermanii cirm-bia1
HEPYL1	Helicobacter pylori 26695
CLAMS	Clavibacter michiganensis subsp. sepedonicus
ECOLC	Escherichia coli atcc 8739
VIPAR1	Vibrio parahaemolyticus rimd 2210633
BACCQ	Bacillus cereus q1
XYLCX	Xylanimonas cellulosilytica dsm 15894
DEHE1	Dehalococcoides ethenogenes 195
PAMUL1	Pasteurella multocida subsp. multocida str. pm70
MYXXD	Myxococcus xanthus dk 1622
ARTCA	Arthrobacter chlorophenolicus a6
LEMAJ1	Leishmania major strain friedlin
MICLC	Micrococcus luteus nctc 2665
XANCB	Xanthomonas campestris pv. campestris str. b100
CAMC1	Campylobacter concisus 13826
NANEQ	Nanoarchaeum equitans kin4-m
DESAP	Candidatus desulforudis audaxviator mp104c
RIEAD	Riemerella anatipestifer dsm 15868
ECO55	Escherichia coli 55989
MORCR	Moraxella catarrhalis rh4
LARHH	Laribacter hongkongensis hlhk9
BACA1	Bacillus atrophaeus 1942
FRATN	Francisella novicida u112
DESDA	Desulfovibrio desulfuricans subsp. desulfuricans str. atcc 27774
DICTD	Dictyoglomus turgidum dsm 6724
MEFLO1	Mesoplasma florum l1
VIVUL1	Vibrio vulnificus cmcp6
LEPBJ	Leptospira borgpetersenii serovar hardjo-bovis jb197
YERE8	Yersinia enterocolitica subsp. enterocolitica 8081
LACJF	Lactobacillus johnsonii fi9785
SYNP2	Synechococcus sp. pcc 7002
YERPB	Yersinia pseudotuberculosis pb1/+
DESOH	Desulfococcus oleovorans hxd3
CLOPH	Clostridium phytofermentans isdg
STPYO6	Streptococcus pyogenes mgas6180
HAINF1	Haemophilus influenzae rd kw20
CROTZ	Cronobacter turicensis z3032
CLOD6	Clostridium difficile 630
DESHY	Desulfitobacterium hafniense y51
RASOL3	Ralstonia solanacearum psi07
SACVD	Saccharomonospora viridis dsm 43017
SYNPX	Synechococcus sp. wh 8102
PAEP6	Paenibacillus polymyxa e681
GEOSF	Geobacter sp. frc-32
PHYRM	Phytophthora ramorum
SYNY3	Synechocystis sp. pcc 6803
ZYMMN	Zymomonas mobilis subsp. mobilis ncimb 11163
DELAS	Delftia acidovorans sph-1
METNO	Methylobacterium nodulans ors 2060
THMAR2	Thermaerobacter marianensis dsm 12885
AMYMU	Amycolatopsis mediterranei u32
BACAC	Bacillus anthracis str. cdc 684
CHIPD	Chitinophaga pinensis dsm 2588
TAEQU1	Taylorella equigenitalis mce9
CHLPB	Chlorobium phaeobacteroides bs1
HELP2	Helicobacter pylori p12
DASNO	Dasypus novemcinctus
THEPJ	Thermincola potens jr
FRASN	Frankia sp. ean1pec
CHOHO	Choloepus hoffmanni
STRE4	Streptococcus equi subsp. equi 4047
USMAY1	Ustilago maydis 521
MYCA6	Mycoplasma agalactiae 5632
DESAS	Desulfotomaculum acetoxidans dsm 771
ROSDO	Roseobacter denitrificans och 114
WADCW	Waddlia chondrophila wsu 86-1044
CALJA	Callithrix jacchus
HAHCH	Hahella chejuensis kctc 2396
ECOK1	Escherichia coli apec o1
HELM1	Helicobacter mustelae 12198
BIFA0	Bifidobacterium animalis subsp. lactis ad011
PICPG	Komagataella pastoris gs115
HALTV	Haloterrigena turkmenica dsm 5511
PRIPA	Pristionchus pacificus
LEGPA	Legionella pneumophila str. paris
SHELP	Shewanella loihica pv-4
MEJAN1	Methanocaldococcus jannaschii dsm 2661
CLONN	Clostridium novyi nt
CHPNE3	Chlamydophila pneumoniae j138
RHOS4	Rhodobacter sphaeroides 2.4.1
METI4	Methylacidiphilum infernorum v4
LIINN1	Listeria innocua clip11262
BORRA	Borrelia recurrentis a1
IGNAA	Ignisphaera aggregans dsm 17230
CLAM3	Clavibacter michiganensis subsp. michiganensis ncppb 382
CUPPJ	Ralstonia eutropha jmp134
SAENT3	Salmonella enterica subsp. enterica serovar typhi str. ty2
PSEA7	Pseudomonas aeruginosa pa7
ECO26	Escherichia coli o26:h11 str. 11368
PROAS	Propionibacterium acnes sk137
PSAER1	Pseudomonas aeruginosa pao1
VIBCM	Vibrio cholerae m66-2
FRATO	Francisella tularensis subsp. holarctica osu18
STRG3	Streptococcus gallolyticus ucn34
CAALB1	Candida albicans sc5314
STAAS	Staphylococcus aureus subsp. aureus mssa476
THEOJ	Thermosediminibacter oceani dsm 16646
XENNA	Xenorhabdus nematophila atcc 19061
ACIB5	Acinetobacter baumannii ab0057
BACAI	Bacillus cereus biovar anthracis str. ci
PHPRO1	Photobacterium profundum ss9
THECD	Thermomonospora curvata dsm 43183
GEOSY	Geobacillus sp. y412mc61
LEMEX1	Leishmania mexicana mhom/gt/2001/u1103
METB6	Methanoregula boonei 6a8
BURVG	Burkholderia vietnamiensis g4
TROW8	Tropheryma whipplei tw08/27
PRER2	Prevotella ruminicola 23
STAA4	Staphylococcus aureus 04-02981
STRPD	Streptococcus pyogenes mgas10270
LEGLN	Legionella longbeachae nsw150
PELLD	Chlorobium luteolum dsm 273
SYNS3	Synechococcus sp. cc9311
SALNS	Salmonella enterica subsp. enterica serovar newport str. sl254
STAES	Staphylococcus epidermidis atcc 12228
STRM6	Streptococcus mitis b6
BAHEN1	Bartonella henselae str. houston-1
BORHD	Borrelia hermsii dah
TRDEN1	Treponema denticola atcc 35405
STRPJ	Streptococcus pneumoniae atcc 700669
GEMAT	Gemmatimonas aurantiaca t-27
SHEB5	Shewanella baltica os155
STAAM	Staphylococcus aureus subsp. aureus mu50
MYCAA	Mycoplasma agalactiae
SHISS	Shigella sonnei ss046
ARATH	Arabidopsis thaliana
PETMO	Petrotoga mobilis sj95
SULIL	Sulfolobus islandicus l.s.2.15
CAEELI	Caenorhabditis elegans
YALIP1	Yarrowia lipolytica clib122
THIS3	Thiomonas sp. 3as
EHRCJ	Ehrlichia canis str. jake
ALHEH	Alkalilimnicola ehrlichii mlhe-1
WOSUC1	Wolinella succinogenes dsm 1740
CLOB3	Clostridiales genomosp. bvab3 str. upii9-5
BRAFD	Brachybacterium faecium dsm 4810
CYAP8	Cyanothece sp. pcc 8801
CYAP0	Cyanothece sp. pcc 8802
RHOM4	Rhodothermus marinus dsm 4252
CAMJM	Campylobacter jejuni subsp. jejuni m1
ANASK	Anaeromyxobacter sp. k
SULIK	Sulfolobus islandicus m.16.4
HALS3	Halobacterium salinarum r1
CANDC	Candida dubliniensis cd36
COXB1	Coxiella burnetii cbuk_q154
RUBXD	Rubrobacter xylanophilus dsm 9941
AEPER1	Aeropyrum pernix k1
BURCH	Burkholderia cenocepacia hi2424
ESCF3	Escherichia fergusonii atcc 35469
UNMET1	Uncultured methanogenic archaeon
PSEHT	Pseudoalteromonas haloplanktis tac125
SAENT4	Salmonella enterica subsp. enterica serovar paratyphi a str. atcc 9150
STRT1	Streptococcus thermophilus cnrz1066
DECAR	Dechloromonas aromatica rcb
GESUL1	Geobacter sulfurreducens pca
SHEAM	Shewanella amazonensis sb2b
CALOW	Caldicellulosiruptor owensensis ol
ARALY	Arabidopsis lyrata
AGGAD	Aggregatibacter actinomycetemcomitans d11s-1
HELPV	Helicobacter pylori v225d
BILON1	Bifidobacterium longum ncc2705
STAA9	Staphylococcus aureus subsp. aureus jh9
RHOVT	Rhodomicrobium vannielii atcc 17100
STAA2	Staphylococcus aureus subsp. aureus jh1
CAMJ8	Campylobacter jejuni subsp. jejuni 81116
BRSUI1	Brucella suis 1330
PELCD	Pelobacter carbinolicus dsm 2380
OTOGA	Otolemur garnettii
BURM9	Burkholderia mallei nctc 10229
FUGRU	Takifugu rubripes
GEOSC	Geobacillus sp. c56-t3
LISMC	Listeria monocytogenes serotype 4b str. clip 80459
ECO5E	Escherichia coli o157:h7 str. ec4115
ESCOL1	Escherichia coli str. k-12 substr. mg1655
METED	Methylobacterium extorquens dm4
ECOSM	Escherichia coli sms-3-5
METM6	Methanococcus maripaludis c6
METM7	Methanococcus maripaludis c7
METM5	Methanococcus maripaludis c5
PSEP1	Pseudomonas putida f1
OCHA4	Ochrobactrum anthropi atcc 49188
MYCSK	Mycobacterium sp. kms
EXIS2	Exiguobacterium sibiricum 255-15
CHLTJ	Chlamydia trachomatis b/jali20/ot
MICMU	Microcebus murinus
STREM	Streptococcus equi subsp. zooepidemicus mgcs10565
SULKY	Sulfuricurvum kujiense dsm 16994
MYCPB	Mycoplasma pneumoniae fh
BURCA	Burkholderia cenocepacia au 1054
STRP0	Streptococcus pneumoniae tch8431/19a
PEDHD	Pedobacter heparinus dsm 2366
HAINF2	Haemophilus influenzae f3031
BUTPB	Butyrivibrio proteoclasticus b316
MYCSS	Mycobacterium sp. mcs
STPYO3	Streptococcus pyogenes mgas315
SYNJA	Synechococcus sp. ja-3-3ab
BAUCH	Baumannia cicadellinicola str. hc  homalodisca coagulata
FINM2	Finegoldia magna atcc 29328
STRZJ	Streptococcus pneumoniae jja
SYNAS	Syntrophus aciditrophicus sb
BURS3	Burkholderia sp. 383
NOFAR1	Nocardia farcinica ifm 10152
METML	Methylotenera mobilis jlw8
DEAES1	Desulfovibrio aespoeensis aspo-2
ACAM1	Acaryochloris marina mbic11017
CLODC	Clostridium difficile cd196
ECODH	Escherichia coli str. k-12 substr. dh10b
HELPP	Helicobacter pylori pecan4
GEOBA1	Geobacillus sp. y412mc52
CHLTL	Chlamydia trachomatis d-lc
RUALB1	Ruminococcus albus 7
MYCMM	Mycobacterium marinum m
PROM1	Prochlorococcus marinus str. natl1a
THEYD	Thermodesulfovibrio yellowstonii dsm 11347
DESDG	Desulfovibrio alaskensis g20
STAAB	Staphylococcus aureus rf122
NEIMF	Neisseria meningitidis fam18
SYNWW	Syntrophomonas wolfei subsp. wolfei str. goettingen
MYCLB	Mycobacterium leprae br4923
COMT2	Comamonas testosteroni cnb-2
PHPAT1	Physcomitrella patens
AERHH	Aeromonas hydrophila subsp. hydrophila atcc 7966
MYCMG	Mycoplasma mycoides subsp. mycoides sc str. gladysdale
SULMC	Candidatus sulcia muelleri cari
MYCOB1	Mycobacterium sp. spyr1
BREBN	Brevibacillus brevis nbrc 100599
MYAVI1	Mycobacterium avium subsp. paratuberculosis k-10
ASPNG	Aspergillus niger
NEIG2	Neisseria gonorrhoeae nccp11945
LAWIP	Lawsonia intracellularis phe/mn1-00
PARTE	Paramecium tetraurelia
THET8	Thermus thermophilus hb8
BUPSE2	Burkholderia pseudomallei mshr346
LEUGT	Leuconostoc gasicomitatum lmg 18811
RICAE	Rickettsia africae esf-5
STPYO2	Streptococcus pyogenes mgas8232
ACIBC	Acinetobacter baumannii acicu
CAUCN	Caulobacter crescentus na1000
BOVIN	Bos taurus
HAEPS	Haemophilus parasuis sh0165
LEDON1	Leishmania donovani bpk282a1
RHORT	Rhodospirillum rubrum atcc 11170
BACC3	Bacillus cereus 03bb102
METFA	Methanocaldococcus fervens ag86
CLOCE	Clostridium cellulolyticum h10
STMUT1	Streptococcus mutans ua159
BORT9	Borrelia turicatae 91e135
CHLCH	Chlorobium chlorochromatii cad3
METTH	Methanothermobacter thermautotrophicus str. delta h
PSYWF	Psychrobacter sp. prwf-1
ENTCS	Enterobacter cloacae scf1
ECOW3	Escherichia coli str. k-12 substr. w3110
FRATF	Francisella tularensis subsp. holarctica ftnf002-00
SHEVD	Shewanella violacea dss12
MAIZE	Zea mays
MYCBP	Mycobacterium bovis bcg str. pasteur 1173p2
MYCAP	Mycoplasma agalactiae pg2
STAA1	Staphylococcus aureus subsp. aureus mu3
HALJB	Halalkalicoccus jeotgali b3
MYPEN1	Mycoplasma penetrans hf-2
SULAA	Sulfurihydrogenibium azorense az-fu1
SULMS	Candidatus sulcia muelleri smdsem
PROMS	Prochlorococcus marinus str. as9601
RITYP1	Rickettsia typhi str. wilmington
MOBCV	Mobiluncus curtisii atcc 43063
MYPNE1	Mycoplasma pneumoniae m129
STRZP	Streptococcus pneumoniae p1031
CLOP1	Clostridium perfringens atcc 13124
SAENT5	Salmonella enterica subsp. enterica serovar choleraesuis str. sc-b67
THET2	Thermus thermophilus hb27
ALLMA	Allomyces macrogynus atcc 38327
ARTS2	Arthrobacter sp. fb24
CAUST	Caulobacter segnis atcc 21756
ACICJ	Acidiphilium cryptum jf-5
VIBF1	Vibrio fischeri es114
ANAVT	Anabaena variabilis atcc 29413
STRU0	Streptococcus uberis 0140j
FRAAA	Frankia alni acn14a
METTM	Methanothermobacter marburgensis str. marburg
BACC0	Bacillus cereus ah820
RICAH	Rickettsia akari str. hartford
XYFAS1	Xylella fastidiosa 9a5c
ZUNPS	Zunongwangia profunda sm-a87
POGIN1	Porphyromonas gingivalis w83
BIFLM	Bifidobacterium longum subsp. longum bbmn68
ACYPI	Acyrthosiphon pisum
PSYCK	Psychrobacter cryohalolentis k5
HALOH	Halothermothrix orenii h 168
ERWPE	Erwinia pyrifoliae ep1/96
MYCBT	Mycobacterium bovis bcg str. tokyo 172
LACTH	Lachancea thermotolerans
STANL	Stackebrandtia nassauensis dsm 44728
HAMD5	Candidatus hamiltonella defensa 5at  acyrthosiphon pisum
PANVC	Pantoea vagans c9-1
CIOIN	Ciona intestinalis
STRSE	Streptococcus suis p1/7
COEFF1	Corynebacterium efficiens ys-314
DEMUC1	Desulfurococcus mucosus dsm 2162
PLAFA	Plasmodium falciparum
CLOK1	Clostridium kluyveri nbrc 12016
RHOP2	Rhodopseudomonas palustris haa2
MYCA1	Mycobacterium avium 104
PHSOJ1	Phytophthora sojae
PSEA6	Pseudoalteromonas atlantica t6c
SIMEL1	Sinorhizobium meliloti 1021
ARFUL1	Archaeoglobus fulgidus dsm 4304
NITMU	Nitrosospira multiformis atcc 25196
DIPOR	Dipodomys ordii
SYNPW	Synechococcus sp. wh 7803
THBAR1	Thermococcus barophilus mp
PSYA2	Psychrobacter arcticus 273-4
MYBOV1	Mycobacterium bovis af2122/97
SACD2	Saccharophagus degradans 2-40
SHIDS	Shigella dysenteriae sd197
CLOBM	Clostridium botulinum a3 str. loch maree
ARCHD	Arcanobacterium haemolyticum dsm 20595
LEINT2	Leptospira interrogans serovar copenhageni str. fiocruz l1-130
STRM5	Stenotrophomonas maltophilia r551-3
SALRM	Salinibacter ruber m8
BRUA1	Brucella abortus s19
PUNMI	Candidatus puniceispirillum marinum imcc1322
MYCGI	Mycobacterium gilvum pyr-gck
MOOTA	Moorella thermoacetica atcc 39073
GUITH	Guillardia theta
BRAHW	Brachyspira hyodysenteriae wa1
PANTR	Pan troglodytes
ESCOL5	Escherichia coli 'bl21-gold de3plyss ag'
SCHPO	Schizosaccharomyces pombe
SALTD	Salmonella enterica subsp. enterica serovar typhimurium str. d23580
PEDHC	Pediculus humanus corporis
HELP3	Helicobacter pylori b8
KLEVT	Klebsiella variicola at-22
DICDC	Dickeya dadantii ech703
POLNA	Polaromonas naphthalenivorans cj2
BRAM5	Brachyspira murdochii dsm 12563
STAAN	Staphylococcus aureus subsp. aureus n315
ACIF5	Acidithiobacillus ferrooxidans atcc 53993
BACAA	Bacillus anthracis str. a0248
PELPD	Pelobacter propionicus dsm 2379
THELT	Thermotoga lettingae tmo
MYCFJ	Mycoplasma fermentans jer
JANSC	Jannaschia sp. ccs1
CLOB1	Clostridium botulinum a str. atcc 19397
PNGOAB	Pongo abelii
OVSAR	Ovis aries
NMSLEUC	Nomascus leucogenys
LEPSSOC	Lepisosteus oculatus
GDSMRA	Gadus morhua
XIPHMAC	Xiphophorus maculatus
CHLORCSAB	Chlorocebus sabaeus
POECILFR	Poecilia formosa
MSTPTF	Mustela putorius furo
XNPSTRP	Xenopus tropicalis
CNSFAMIL	Canis familiaris
ANSPLATY	Anas platyrhynchos
ORCHRMNLOT	Oreochromis niloticus
PTRMYMAR	Petromyzon marinus
FIDCALBC	Ficedula albicollis
ASTMEX	Astyanax mexicanus
LTMRCHLMN	Latimeria chalumnae
SRCHPLSHR	Sarcophilus harrisii
MLGGALL	Meleagris gallopavo
PLDSCSN	Pelodiscus sinensis
PPANUB	Papio anubis
